name,price,volume
A powdered wig,21957,25
Abyssal ashes,2518,49429
Abyssal bludgeon,12658595,1322
Abyssal bracelet(5),2213,158943
Abyssal dagger,2592839,568
Abyssal dagger (p),3228701,29
Abyssal dagger (p+),3376172,36
Abyssal dagger (p++),2597173,1287
Abyssal whip,1668509,7094
Achey tree logs,304,6637
Acorn,51,56031
Adamant 2h sword,3477,18247
Adamant arrow,19,16861098
Adamant arrow(p),153,1185
Adamant arrow(p+),449,468
Adamant arrow(p++),26,192688
Adamant arrowtips,79,1381675
Adamant axe,490,7673
Adamant battleaxe,2663,16666
Adamant bolts,173,3484739
Adamant bolts (p),385,2064
Adamant bolts (p+),618,197
Adamant bolts (p++),1135,16680
Adamant bolts(unf),195,1199220
Adamant boots,1270,1457
Adamant brutal,276,148637
Adamant cane,1686,79
Adamant chainbody,2822,7523
Adamant claws,1180,24
Adamant crossbow,1212,1696
Adamant crossbow (u),1259,93
Adamant dagger,317,6674
Adamant dagger(p),490,0
Adamant dagger(p+),2011,2
Adamant dagger(p++),3987,16
Adamant dart,26,21698261
Adamant dart tip,192,12485137
Adamant dart(p),42,78119
Adamant dart(p+),372,1000
Adamant dart(p++),729,10299
Adamant dragon mask,8968,31
Adamant full helm,1817,27283
Adamant full helm (g),10169,248
Adamant full helm (t),3469,126
Adamant gold-trimmed set (lg),83919,175
Adamant gold-trimmed set (sk),94336,31
Adamant halberd,12789,208
Adamant hasta,914,101
Adamant hasta(p),5114,278
Adamant hasta(p+),6437,144
Adamant hasta(p++),7639,0
Adamant helm (h1),3377,144
Adamant helm (h2),1937,538
Adamant helm (h3),2058,71
Adamant helm (h4),2781,116
Adamant helm (h5),2692,2802
Adamant javelin,68,198601
Adamant javelin heads,132,20724
Adamant javelin(p),188,0
Adamant javelin(p+),181,0
Adamant javelin(p++),337,80
Adamant kiteshield,2940,21559
Adamant kiteshield (g),11854,222
Adamant kiteshield (t),2963,160
Adamant knife,353,19228
Adamant knife(p),559,10
Adamant knife(p+),764,46
Adamant knife(p++),1083,948
Adamant longsword,1636,3835
Adamant mace,577,2881
Adamant med helm,909,4722
Adamant pickaxe,1661,3398
Adamant platebody,9504,403966
Adamant platebody (g),36389,199
Adamant platebody (h1),9486,58
Adamant platebody (h2),9448,55
Adamant platebody (h3),9577,58
Adamant platebody (h4),9500,99
Adamant platebody (h5),9416,102
Adamant platebody (t),9486,113
Adamant platelegs,3493,21398
Adamant platelegs (g),7409,177
Adamant platelegs (t),3866,106
Adamant plateskirt,3658,5610
Adamant plateskirt (g),4400,97
Adamant plateskirt (t),3323,65
Adamant scimitar,1443,4756
Adamant set (lg),19650,647
Adamant set (sk),24629,32
Adamant shield (h1),3079,63
Adamant shield (h2),2927,45
Adamant shield (h3),2882,63
Adamant shield (h4),2919,83
Adamant shield (h5),2833,51
Adamant spear,886,929
Adamant spear(p),869,615
Adamant spear(p+),1868,0
Adamant spear(p++),5113,1
Adamant sq shield,1972,3313
Adamant sword,996,4538
Adamant thrownaxe,333,23
Adamant trimmed set (lg),40417,23
Adamant trimmed set (sk),55831,0
Adamant warhammer,3033,2446
Adamantite bar,1933,7488664
Adamantite limbs,1772,323
Adamantite nails,125,147887
Adamantite ore,1221,6581664
Admiral pie,153,41024
Afro,174351,28
Agility mix(1),593,1
Agility mix(2),314,121
Agility potion(1),86,351
Agility potion(2),194,711
Agility potion(3),226,4547
Agility potion(4),359,12846
Ahrim's armour set,7394820,299
Ahrim's hood,44692,892
Ahrim's hood 0,21096,106
Ahrim's robeskirt,3043934,2601
Ahrim's robeskirt 0,2897232,307
Ahrim's robetop,4142598,2394
Ahrim's robetop 0,4009214,292
Ahrim's staff,113861,1281
Ahrim's staff 0,52547,570
Air battlestaff,8906,3356767
Air orb,1336,12314074
Air rune,5,128071773
Air talisman,66,33721
Air tiara,10,7723
Airtight pot,1368,150
Ale of the gods,290044,176
Ale yeast,896,880
Amethyst,4554,844792
Amethyst arrow,268,7166905
Amethyst arrow(p),374,31140
Amethyst arrow(p+),528,5040
Amethyst arrow(p++),972,48180
Amethyst arrowtips,297,2394645
Amethyst bolt tips,281,492862
Amethyst broad bolts,311,1108558
Amethyst dart,467,12285685
Amethyst dart tip,567,6845888
Amethyst dart(p),617,2845
Amethyst dart(p+),633,111
Amethyst dart(p++),926,14515
Amethyst javelin,337,30508
Amethyst javelin heads,797,31008
Amethyst javelin(p),852,65
Amethyst javelin(p+),920,0
Amethyst javelin(p++),1218,230
Amulet mould,136,1050
Amulet of accuracy,1316,884
Amulet of avarice,458666,4181
Amulet of bounty,906,868
Amulet of chemistry,1028,93717
Amulet of defence,859,40841
Amulet of defence (t),6714,140
Amulet of eternal glory,39989676,101
Amulet of fury,2222114,7210
Amulet of glory,10785,175085
Amulet of glory (t4),35281,81
Amulet of glory (t6),48401,202
Amulet of glory (t),35041,133
Amulet of glory(4),11195,17072
Amulet of glory(6),11634,207686
Amulet of magic,682,22677
Amulet of magic (t),17422,275
Amulet of power,2027,73051
Amulet of power (t),733293,187
Amulet of strength,1230,88003
Amulet of the damned (full),34745,1192
Amulet of torture,14513834,6685
Amylase crystal,904,4362551
Ancestral hat,12318597,1072
Ancestral robe bottom,101417921,764
Ancestral robe top,124699843,745
Ancestral robes set,238359382,143
Anchovies,63,33783
Anchovy pizza,603,126831
Ancient blessing,6206,908
Ancient bracers,39738,333
Ancient brew(1),614,291
Ancient brew(2),1163,80
Ancient brew(3),1319,24668
Ancient brew(4),1180,83772
Ancient ceremonial boots,23231,227
Ancient ceremonial gloves,22913,257
Ancient ceremonial legs,47159,278
Ancient ceremonial mask,29209,291
Ancient ceremonial top,59018,297
Ancient chaps,224370,881
Ancient cloak,13648,367
Ancient coif,54398,467
Ancient crozier,6394,93
Ancient crystal,150590,1463
Ancient d'hide body,150234,797
Ancient d'hide boots,364676,921
Ancient d'hide shield,197603,68
Ancient dragonhide set,518620,117
Ancient effigy,7983096,398
Ancient emblem,498439,4025
Ancient full helm,48113,161
Ancient godsword,31722428,606
Ancient hilt,37391870,8
Ancient kiteshield,44374,221
Ancient mace,1964,381
Ancient medallion,3988806,369
Ancient mitre,25754,360
Ancient mix(1),750,0
Ancient mix(2),1493,5
Ancient page 1,13665,490
Ancient page 2,14104,526
Ancient page 3,13326,558
Ancient page 4,14754,488
Ancient platebody,45108,180
Ancient platelegs,46140,136
Ancient plateskirt,38050,174
Ancient relic,15969009,357
Ancient robe legs,84025,133
Ancient robe top,69640,151
Ancient rune armour set (lg),199920,324
Ancient rune armour set (sk),209047,47
Ancient staff,60349,3977
Ancient statuette,1991835,766
Ancient stole,2194,117
Ancient totem,998262,4086
Ancient wyvern shield,15030561,271
Anglerfish,1556,2836809
Anguish ornament kit,7024599,527
Ankou gloves,3386152,66
Ankou mask,5529649,86
Ankou socks,2019495,58
Ankou top,17019691,83
Ankou's leggings,7768782,77
Annakarl teleport,1692,24133
Anti-dragon shield,111,50652
Anti-poison supermix(1),176,4
Anti-poison supermix(2),274,836
Anti-venom(1),1090,1633
Anti-venom(2),2555,368
Anti-venom(3),3290,865
Anti-venom(4),5438,143306
Anti-venom+(1),3349,14396
Anti-venom+(2),6410,4406
Anti-venom+(3),9741,3277
Anti-venom+(4),11316,290766
Antidote+ mix(1),1267,0
Antidote+ mix(2),1882,162
Antidote+(1),672,106
Antidote+(2),1356,92
Antidote+(3),1894,1108
Antidote+(4),1980,4063
Antidote++(1),718,11158
Antidote++(2),1107,792
Antidote++(3),2244,2067
Antidote++(4),2386,441921
Antifire mix(1),290,27
Antifire mix(2),159,184
Antifire potion(1),102,6036
Antifire potion(2),207,1268
Antifire potion(3),314,79759
Antifire potion(4),434,226513
Antipoison mix(1),374,3
Antipoison mix(2),210,946
Antipoison(1),56,113
Antipoison(2),98,1141
Antipoison(3),140,14601
Antipoison(4),216,27654
Ape atoll teleport,3383,21013
Apple mush,180,0
Apple pie,110,18786
Apple sapling,172,8064
Apple tree seed,5,28715
Apples(5),1031,49415
Apprentice wand,708645,11
Arcane prayer scroll,1174518,417
Arcane sigil,102689243,287
Arcane spirit shield,102448479,464
Arceuus banner,846,81
Arceuus hood,9305,31
Arceuus library teleport,2494,5917
Arceuus scarf,7526,21
Archer helm,38993,2180
Archers ring,3541745,2877
Archery ticket,18,367170
Arctic pine logs,633,15144
Arctic pyre logs,1771,327
Ardougne teleport,400,262296
Arena book,868,6
Armadyl bracers,76735,424
Armadyl chainskirt,25539865,2187
Armadyl chaps,464674,796
Armadyl chestplate,34188849,2238
Armadyl cloak,17965,349
Armadyl coif,68300,572
Armadyl crossbow,31955223,1991
Armadyl crozier,5735,243
Armadyl d'hide body,262583,754
Armadyl d'hide boots,668183,865
Armadyl d'hide shield,305517,90
Armadyl dragonhide set,945125,119
Armadyl full helm,23446,125
Armadyl godsword,8573883,5192
Armadyl godsword ornament kit,179783,162
Armadyl helmet,8477690,1814
Armadyl hilt,8010197,40
Armadyl kiteshield,34352,224
Armadyl mitre,25726,302
Armadyl page 1,9613,423
Armadyl page 2,8816,443
Armadyl page 3,8677,424
Armadyl page 4,8883,459
Armadyl platebody,39528,124
Armadyl platelegs,42094,96
Armadyl plateskirt,39512,68
Armadyl robe legs,78617,110
Armadyl robe top,53345,134
Armadyl rune armour set (lg),162353,154
Armadyl rune armour set (sk),155971,24
Armadyl stole,6655,174
Armadylean plate,5116984,123
Arrow shaft,1,13074048
Asgarnian ale,8194,1
Asgarnian ale(4),25522,2
Asgarnian ale(m4),3604,0
Asgarnian ale(m),6911,9
Asgarnian hops,236,563
Asgarnian seed,2,2312457
Ashes,64,213455
Assorted flowers,560,311
Astral rune,82,21983585
Asyn remains,2969,2207
Attack mix(1),178,4
Attack mix(2),61,28
Attack potion(1),3,6065
Attack potion(2),5,376
Attack potion(3),4,161979
Attack potion(4),8,149366
Avantoe,1571,194147
Avantoe potion (unf),1660,689866
Avantoe seed,244,31939
Avernic defender hilt,95829529,137
Axeman's folly,1868,170
Axeman's folly(4),19297,13
Axeman's folly(m4),209732,0
Axeman's folly(m),55180,39
Baby impling jar,2080,9554
Babydragon bones,791,100454
Bag of salt,21,58534
Bagged bluebells,17227,88
Bagged daffodils,11402,33
Bagged dead tree,1502,592
Bagged flower,5816,43
Bagged magic tree,51745,164
Bagged maple tree,16918,1091
Bagged marigolds,11067,13
Bagged nice tree,3300,3065
Bagged oak tree,6467,3458
Bagged plant 1,1468,44543
Bagged plant 2,5920,1263
Bagged plant 3,12885,5167
Bagged roses,16590,272
Bagged sunflower,5726,57
Bagged willow tree,11657,9727
Bagged yew tree,21555,60
Baked potato,203,25781
Ball of wool,25,355843
Ballista limbs,29055,238
Ballista spring,29122,268
Banana,55,627735
Banana sapling,170,5169
Banana stew,21,24
Banana tree seed,3,17091
Bananas(5),296,40060
Bandit's brew,1434,1402
Bandos boots,191780,937
Bandos bracers,48270,341
Bandos chaps,292674,886
Bandos chestplate,29173612,3318
Bandos coif,77678,430
Bandos crozier,5956,101
Bandos d'hide body,138584,883
Bandos d'hide boots,334731,722
Bandos d'hide shield,177826,49
Bandos full helm,21168,247
Bandos godsword,20497240,3241
Bandos godsword ornament kit,3852840,104
Bandos hilt,19641594,139
Bandos mitre,26473,310
Bandos page 1,2479,389
Bandos page 3,2340,363
Bandos platebody,87812,279
Bandos platelegs,38832,99
Bandos plateskirt,37825,78
Bandos robe legs,96011,86
Bandos rune armour set (lg),197287,94
Bandos stole,8729,128
Bandos tassets,24458126,3659
Bandosian components,6156434,36
Barb-tail harpoon,25,244
Barbarian teleport,878,1682
Barbed bolts,86,16629
Bark,82,70690
Barley malt,1158,2289
Barley seed,2,6670259
Barrel,273,304
Barrows teleport,3193,73743
Basalt,645,177108
Basket,1,674863
Bastion potion(1),3357,3900
Bastion potion(2),6569,813
Bastion potion(4),12375,130660
Batta tin,42,61
Battlefront teleport,2459,8468
Battlemage potion(2),5705,17
Battlemage potion(3),7241,146
Battlestaff,7746,4294136
Beanie,10229,20
Bear feet,40451,212
Beer,125,90283
Beer glass,56,128705
Beginner wand,191986,12
Belladonna seed,78,14122
Berserker helm,45629,2103
Berserker necklace ornament kit,7444,126
Berserker ring,2029315,3961
Big bones,213,763951
Big pirate hat,46794,36
Binding necklace,698,114100
Bird house,973,3076
Bird snare,5,23913
Black axe,772,2001
Black battleaxe,460,769
Black beret,21500,38
Black boater,7252,98
Black brutal,430,11
Black cane,6621,35
Black cavalier,15363,105
Black chainbody,1691,388
Black chinchompa,2202,3239725
Black claws,1688,39
Black d'hide body,7369,336339
Black d'hide body (t),12749,63
Black d'hide chaps (g),128277,215
Black d'hide chaps (t),27256,113
Black d'hide shield,18065,3927
Black d'hide vambraces,2257,11453
Black dagger(p),106,71
Black dagger(p+),2963,11
Black dagger(p++),3745,0
Black dart,2130,43
Black dart(p+),26,0
Black dart(p++),54,0
Black desert robe,1294,141
Black desert shirt,749,80
Black dragon mask,57241,202
Black dragonhide,3173,1850233
Black dragonhide set,15241,3112
Black elegant legs,1852,86
Black flowers,61452,35
Black full helm,539,3128
Black full helm (g),128323,70
Black full helm (t),26249,87
Black gold-trimmed set (lg),596389,81
Black halberd,4366,3
Black headband,2241,168
Black helm (h2),6918,34
Black helm (h3),5241,29
Black helm (h4),4768,38
Black helm (h5),5689,106
Black kiteshield (g),128141,88
Black knife,48,236596
Black knife(p),244,0
Black knife(p++),865,20
Black locks,8574,31
Black longsword,312,1117
Black mask,991750,1204
Black mask (10),983332,575
Black nails,2581,1095
Black pickaxe,1289,1582
Black platebody,3405,2505
Black platebody (h2),2688,22
Black platebody (h4),2415,27
Black platebody (h5),2622,35
Black platelegs (g),52516,95
Black platelegs (t),23636,57
Black plateskirt (t),6977,16
Black robe,431,2203
Black salamander,272,3702
Black set (sk),8290,29
Black shield (h1),1815,27
Black shield (h3),4270,98
Black shield (h5),1520,16
Black skirt,10,526
Black skirt (g),19563,152
Black skirt (t),15528,75
Black spear(p+),12123,0
Black spear(p++),10763,1
Black spiky vambraces,3568,276
Black sword,215,447
Black tourmaline core,2767407,61
Black trimmed set (lg),126057,44
Black unicorn mask,22596,79
Black warhammer,377,568
Black wizard robe (g),274800,177
Black wizard robe (t),112606,121
Blamish bark shell,1084,79
Blessed spirit shield,725482,793
Blighted anglerfish,1341,176056
Blighted bind sack,6,43318
Blighted karambwan,657,38152
Blighted manta ray,881,446404
Blighted snare sack,14,57908
Blighted vengeance sack,93,443050
Blood essence,90200,41167
Blood pint,56,15862
Blood talisman,20060,11
Blood tiara,29766,5
Bloodbark boots,49550,255
Bloodbark gauntlets,48350,111
Bloodbark helm,96190,175
Bloody bracer,605,2
Blue boater,7022,115
Blue boots,996,400
Blue d'hide body (g),5607,83
Blue d'hide chaps (g),2914,159
Blue d'hide chaps (t),2397,101
Blue d'hide shield,4443,289
Blue dragon leather,1897,2742513
Blue dragon scale,820,11953
Blue dragonhide,1754,3036435
Blue dye,316,6423
Blue elegant legs,6834,26
Blue elegant shirt,16184,62
Blue feather,124,24787
Blue firelighter,83,17619
Blue halloween mask,8702,1015
Blue partyhat,12332,2210
Blue robe bottoms,457,20
Blue robe top,844,147
Blue skirt (g),31982,193
Blue spiky vambraces,2133,20
Blue wizard hat (g),214828,206
Blue wizard hat (t),69439,122
Blue wizard robe (g),191486,189
Blurberry special,4132,473
Bob's black shirt,42337,44
Bob's blue shirt,25430,92
Bob's purple shirt,24843,36
Body rune,5,8360638
Body talisman,1581,12277
Bolt of cloth,846,59898
Bolt rack,72,1246282
Bone dagger,3435,529
Bone dagger (p),3843,0
Bone dagger (p++),6641,157
Bone spear,746,810
Bones to bananas,714,48712
Bones to peaches,679,272423
Book of law page set,60086,232
Boots of darkness,23540,74
Boots of stone,352,517
Botanical pie,1802,5398
Bottled dragonbreath (unpowered),9591,19
Bottomless compost bucket,365406,711
Bowl,26,65433
Bowl of hot water,152,45152
Bowl of water,60,88332
Box trap,47,375883
Bracelet of ethereum (uncharged),43497,227475
Bracelet of slaughter,3051,26952
Brass key,425,2322
Brass necklace,207,1317
Bread dough,195,2605
Brimstone ring,4167235,6335
Brine sabre,147536,908
Broad arrowheads,54,729232
Broken dragon hasta,36767,170
Bronze 2h sword,360,3176
Bronze arrow,3,2047664
Bronze arrow(p),60,1561
Bronze arrowtips,5,648901
Bronze axe,95,47740
Bronze bar,168,419891
Bronze bolts (p),41,48
Bronze bolts (p+),234,0
Bronze bolts (p++),585,0
Bronze brutal,140,543
Bronze chainbody,100,1833
Bronze claws,181,40
Bronze dagger,110,12716
Bronze dagger(p),246,1
Bronze dagger(p+),2771,1
Bronze dart tip,35,336684
Bronze dart(p),23,0
Bronze dragon mask,7573,17
Bronze full helm,84,16280
Bronze full helm (t),9928,41
Bronze gold-trimmed set (sk),248249,32
Bronze hasta,57,18
Bronze hasta(p),4236,1
Bronze hasta(p++),5604,0
Bronze javelin heads,43,3105
Bronze javelin(p),10,0
Bronze kiteshield,116,3528
Bronze kiteshield (g),31254,73
Bronze knife(p),49,0
Bronze knife(p+),44,0
Bronze knife(p++),148,0
Bronze limbs,104,348
Bronze med helm,102,3063
Bronze nails,4,512888
Bronze platebody (g),82935,88
Bronze platebody (t),6996,51
Bronze platelegs,321,2641
Bronze plateskirt,105,765
Bronze plateskirt (g),5898,33
Bronze plateskirt (t),2601,27
Bronze set (sk),1207,17
Bronze spear,392,1409
Bronze spear(p),1551,0
Bronze sq shield,102,2069
Bronze sword,122,2943
Bronze thrownaxe,20,0
Bronze warhammer,105,4072
Bronze wire,271,4421
Brown toy horsey,228,56
Bryophyta's essence,7722883,25
Bucket,9,10912708
Bucket helm (g),1132441,13
Bucket of milk,60,266214
Bucket of water,29,526513
Bucket of wax,927,1722
Bullseye lantern (unf),302,650
Burning amulet(5),3453,91875
Burnt page,1978,591481
Butterfly net,11,18296
Cabbage round shield,2512,112
Cabbage seed,1,919143
Cactus seed,64,20321
Cactus spine,562,701037
Cadantine blood potion (unf),9647,32419
Cadantine seed,338,23844
Cadava berries,150,31494
Cadavaberry seed,1,157684
Calcite,57,42074
Calquat keg,190,1311
Calquat sapling,647,17783
Camelot teleport,294,209111
Cannon barrels,183021,673
Cannon base,185359,731
Cannon furnace,191422,701
Cannon stand,182138,701
Carrallangar teleport,864,2464
Cat mask,8217,85
Catalytic talisman,3576,516
Catalytic tiara,4852,115
Cavalier mask,142292,231
Cave eel,143,1
Caviar,159,7112
Celastrus sapling,83545,5198
Celastrus seed,82015,4884
Chaos rune,74,112842456
Chaos talisman,125,7769
Chaos tiara,19,457
Charge dragonstone jewellery scroll,309,8715
Cheese+tom batta,1498,432
Chef's delight,25469,1
Chef's delight(m4),193013,0
Chef's delight(m),61392,164
Chilli con carne,34,0
Chilli potato,208,5309
Chinchompa,935,298368
Chisel,43,22585
Choc saturday,37,54
Chocchip crunchies,1243,144
Chocolate bar,25,464885
Chocolate cake,199,58924
Chocolate dust,39,270590
Chopped tomato,36,0
Chopped tuna,205,64
Chopped ugthanki,9,0
Cider(4),7994,2
Cider(m4),76036,0
Citizen top,597,26
Citizen trousers,632,2
Cleaning cloth,251,173
Climbing boots,607,25641
Clockwork,599,179194
Coal,155,57886638
Cocktail guide,154,13
Cocktail shaker,34,173
Cod,11,51061
Coif,34,36282
Combat bracelet,12247,274431
Combat mix(1),306,0
Combat mix(2),410,775
Combat potion set,991,223
Combat potion(3),289,47266
Combat potion(4),451,119972
Common kebbit fur,750,133
Comp ogre bow,1166,327
Compost potion(1),52,14
Compost potion(2),157,101
Compost potion(4),133,6810
Cooked chicken,75,10040
Cooked chompy,47,425
Cooked jubbly,611,63
Cooked meat,75,25851
Cooked mystery meat,241,2024
Cooked slimy eel,223,30
Cooked sweetcorn,302,29321
Cosmic rune,166,41958700
Cosmic talisman,186,4902
Cosmic tiara,35,635
Cream boots,591,181
Cream hat,822,1322
Cream robe bottoms,166,6
Cream robe top,736,177
Crier hat,2714,123
Crossbow,233,532
Crossbow string,235,5714
Crunchy tray,182,1551
Crushed superior dragon bones,11299,74493
Crystal armour seed,8187559,5251
Crystal tool seed,7675169,344
Crystal weapon seed,309037,4020
Cup of hot water,436,8953
Cured yak-hide,498,315
Curry,694,34561
Cyclops head,12335,106
Dagannoth bones,9027,131711
Dagannoth hide,202,1471
Dagon'hai robe top,3313489,190
Dagon'hai robes set,6723642,104
Damaged monkey tail,89,17193
Dark bow,502252,1616
Dark cavalier,3614,147
Dark infinity colour kit,8391,124
Dark kebbit fur,781,1467
Dark tuxedo cuffs,213300,12
Dark tuxedo shoes,710855,29
Dashing kebbit fur,1088,622
Death talisman,3445,1319
Deerstalker,18984,24
Defence mix(2),62,7
Defence potion(1),115,21
Defence potion(3),306,1515
Demon feet,39959,209
Desert boots,239,1838
Desert camo top,3813,8
Desert goat horn,41,136796
Desert legs,771,15
Desert shirt,241,951
Desert top,857,39
Dexterous prayer scroll,31831924,363
Dharok's greataxe,1287967,1156
Dharok's greataxe 0,1214858,3548
Dharok's platebody,776072,1112
Dharok's platebody 0,736500,3640
Dharok's platelegs,965295,1151
Diamond,1689,2090135
Diamond amulet (u),1864,146029
Diamond bolt tips,160,2165910
Diamond bolts (e),293,3989892
Diamond dragon bolts,1820,739611
Diamond dragon bolts (e),1907,2298472
Diamond ring,1877,69386
Digsite teleport,9368,16414
Disk of returning,16070,810
Divine bastion potion(2),8383,551
Divine bastion potion(3),12979,512
Divine bastion potion(4),15341,110315
Divine battlemage potion(3),9154,41
Divine magic potion(1),730,1912
Divine magic potion(3),1977,181
Divine magic potion(4),2146,51024
Divine ranging potion(1),651,36017
Divine ranging potion(4),2219,350643
Divine super attack potion(2),705,53
Divine super attack potion(4),1318,17376
Divine super combat potion(1),3601,35179
Divine super combat potion(2),7320,7629
Divine super defence potion(1),589,127
Divine super defence potion(3),1157,63
Divine super defence potion(4),2038,3499
Divine super strength potion(2),1736,337
Divine super strength potion(4),2915,12151
Dodgy necklace,1252,458615
Dorgeshuun crossbow,2781,516
Draconic visage,2823133,209
Dragon 2h sword,134688,954
Dragon armour set (sk),103398356,0
Dragon arrow,2524,4832858
Dragon arrow(p+),1139,329
Dragon arrowtips,2540,1486686
Dragon battleaxe,119300,13927
Dragon bitter,281,1
Dragon bitter(m4),17709,0
Dragon bitter(m),502,1
Dragon bolts (p+),1723,676
Dragon bolts (p++),2971,15013
Dragon bolts (unf),1619,4730115
Dragon boots,112719,13217
Dragon cane,32781,122
Dragon chainbody,154904,2246
Dragon chainbody ornament kit,15551,85
Dragon crossbow,993632,6783
Dragon dagger,17300,38406
Dragon dagger(p),17927,278
Dragon dart,2646,5766385
Dragon dart(p),2681,200
Dragon dart(p+),2885,824
Dragon full helm,55791676,48
Dragon halberd,149245,10678
Dragon hasta(p),46200,0
Dragon hasta(p+),49811,0
Dragon hunter crossbow,66505255,1622
Dragon impling jar,371200,2981
Dragon javelin,838,641398
Dragon javelin heads,944,911472
Dragon javelin(p++),1689,31299
Dragon kiteshield,49814981,21
Dragon kiteshield ornament kit,4732319,8
Dragon knife(p+),3011,1340
Dragon knife(p++),2649,100149
Dragon longsword,59112,46927
Dragon mace,29794,2581
Dragon med helm,57879,48408
Dragon metal slice,44339933,1
Dragon necklace,11559,13340
Dragon pickaxe,8051515,3133
Dragon platebody ornament kit,9148927,31
Dragon platelegs,161187,26204
Dragon scale dust,147,767684
Dragon scimitar ornament kit,383822,182
Dragon spear(p),41009,3
Dragon spear(p+),43652,3
Dragon sq shield ornament kit,6333,42
Dragon sword,80774,1419
Dragon thrownaxe,408,170644
Dragonfire shield,2885636,2883
Dragonfire ward,15275592,1319
Dragonfruit pie,456,12225
Dragonfruit sapling,164176,10169
Dragonstone,11348,508441
Dragonstone armour set,5230887,10
Dragonstone bolt tips,301,2615254
Dragonstone bolts,560,2325721
Dragonstone bracelet,11877,287228
Dragonstone dragon bolts,2238,235563
Dragonstone gauntlets,558863,27
Dragonstone platebody,1559293,57
Dragonstone platelegs,1470346,57
Drake's claw,492140,111
Drake's tooth,60494,121
Drift net,2900,132671
Druid's robe top,824,12
Drunk dragon,41,63
Dust battlestaff,11167,627
Dwarf cannon set,758447,2316
Dwarf weed,744,517193
Dwarf weed seed,427,37219
Dwarven stout,123,22761
Dwarven stout(m4),264398,5
Dwellberries,73,2643
Dwellberry seed,1,97626
Earmuffs,427,282
Earth impling jar,2086,4327
Earth orb,1526,193400
Earth talisman,241,167158
Easter egg,19747,3285
Edible seaweed,69,701
Efaritay's aid,1335,250
Egg,29,524260
Egg potato,249,2144
Egg whisk,56,103
Elder chaos top,487188,645
Elemental helmet,449,4
Elemental shield,988,313
Elemental talisman,4706,648
Elven boots,10479,20
Elven dawn,80,3
Elven gloves,12224,25
Elven signet,1704734,117
Elysian spirit shield,627946709,283
Emerald amulet,703,55298
Emerald amulet (u),605,91910
Emerald bolts,126,746670
Emerald bracelet,761,123082
Emerald dragon bolts,2078,36117
Emerald dragon bolts (e),1691,31639
Empty candle lantern,46,74744
Empty cup,6,432662
Empty fishbowl,11,32888
Empty plant pot,5,38850
Empty sack,2,895474
Enchant dragonstone,252,980
Enchant onyx,570,11
Enchant ruby or topaz,689,6052
Enchant sapphire or opal,137,3572
Enchanted top,77996,434
Energy mix(1),279,4
Energy mix(2),410,35
Energy potion(3),266,92800
Energy potion(4),389,185954
Enhanced crystal teleport seed,3099512,7895
Ensouled abyssal head,4329,26978
Ensouled aviansie head,3498,10577
Ensouled bear head,901,193
Ensouled dagannoth head,2076,15090
Ensouled demon head,3933,29288
Ensouled dog head,1411,98
Ensouled dragon head,6908,210992
Ensouled giant head,1050,33139
Ensouled hellhound head,4109,11150
Ensouled horror head,2678,3331
Ensouled kalphite head,1613,8743
Ensouled minotaur head,518,144
Ensouled ogre head,1311,2965
Ensouled troll head,2064,7040
Ensouled unicorn head,7341,49
Equa leaves,107,5589
Eternal crystal,1465068,168
Eternal gem,7242759,81
Evil chicken feet,358036,33
Evil chicken wings,769858,34
Expeditious bracelet,1166,36877
Explorer backpack,48744,134
Extended antifire(1),45,34094
Extended antifire(2),95,8376
Extended antifire(3),96,13273
Extended super antifire mix(1),601,0
Extended super antifire(1),2421,1329
Extended super antifire(2),5226,2428
Extended super antifire(4),11397,147016
Eye of newt,4,1979097
Falador teleport,489,321902
Fancy tiara,10668,34
Fat snail,1834,684
Fayrg bones,4647,146
Fedora,10083,95
Feldip hills teleport,758,15097
Fenkenstrain's castle teleport,2160,31315
Fez,583,118
Filled plant pot,2,493924
Fine cloth,7587,3648
Fire battlestaff,8927,129358
Fire rune,5,210826038
Fire tiara,25,3502
Fish food,529,331
Fish offcuts,20,19094
Fish pie,109,2728
Fishing bait,4,7629241
Fishing mix(2),158,6
Fishing potion(2),108,15
Fishing potion(3),94,15202
Fishing rod,66,7478
Flamtaer bracelet,793,3394
Flared trousers,3031206,239
Flax,6,61824187
Flighted ogre arrow,100,116972
Fremennik beige shirt,595,3
Fremennik blue cloak,979,6
Fremennik boots,139,609
Fremennik brown cloak,57,25
Fremennik cyan cloak,982,23
Fremennik grey cloak,883,7
Fremennik hat,1026,70
Fremennik pink cloak,708,11
Fremennik purple cloak,39,24
Fremennik red cloak,1194,24
Fremennik skirt,731,3
Fremennik teal cloak,652,1
Fried mushrooms,188,1086
Frog slippers,67437,175
Frog-leather body,371,872
Frog-leather chaps,281,106
Fruit batta,3589,275
Fruit blast,1817,851
Frying pan,1301,6
Gadderhammer,1898,122
Games necklace(8),739,111190
Garden pie,113,17386
Gardening trowel,233,2332
Garlic powder,253,464
Ghorrock teleport,1475,32547
Gianne's cook book,56,17
Giant boot,50810,39
Giant frog legs,3185,346
Gilded armour set (lg),23854870,54
Gilded armour set (sk),14958218,3
Gilded axe,4938232,77
Gilded boots,2388534,78
Gilded chainbody,1247999,188
Gilded d'hide chaps,11799164,64
Gilded d'hide vambraces,4062142,44
Gilded full helm,4550916,49
Gilded hasta,385068,11
Gilded med helm,620668,152
Gilded pickaxe,5565188,71
Gilded platelegs,5472232,73
Gilded scimitar,15119297,175
Gilded spade,3157117,91
Gin,100,3212
Glassblowing pipe,141,1599
Gloves of darkness,27786,125
Gnome scarf,629312,191
Gnome spice,189,27262
Gnomeball,12996,323
Goat horn dust,68,69642
Goblin book,576,177
Godsword blade,482951,214
Godsword shard 1,149280,304
Godsword shard 3,150110,337
Gold amulet (u),123,659631
Gold bar,94,17345651
Gold elegant blouse,1034,44
Gold elegant shirt,2468,51
Gold headband,1557,97
Gold locks,18125,772
Gold necklace,122,2927007
Gold ore,205,27372609
Gold seal,765,78479
Golden apron,174545,73
Golden scarab,1013,23818
Golden statuette,1314,3926
Gout tuber,815265,244
Graahk fur,649,44
Graahk legs,1295,22
Graahk top,1191,38
Grain,17,186298
Granite (5kg),622,1476
Granite (500g),15,331
Granite body,51670,708
Granite clamp,1503239,57
Granite hammer,90927,776
Granite helm,31698,202
Granite longsword,22177,764
Granite maul,57799,7457
Granite ring,15764,580
Grapes,24,24598339
Greater siren,105,17
Green boater,5138,85
Green cape,736,1652
Green d'hide body,4258,633651
Green d'hide body (t),4348,179
Green d'hide chaps (g),44900,539
Green d'hide shield,3151,416
Green dark bow paint,1132471,6
Green dragon leather,1541,4913200
Green dragonhide,1384,6769387
Green dye,584,752
Green elegant legs,11044,16
Green elegant shirt,21602,23
Green firelighter,100,17033
Green hat,760,250
Green headband,1265,91
Green robe bottoms,844,104
Green spiky vambraces,1940,19
Greenman's ale(m),34256,135
Greenmans ale(4),23254,38
Grey gloves,1497,658
Grey hat,1037,217
Grey robe bottoms,808,34
Grey toy horsey,212,98
Grimy avantoe,1555,472685
Grimy cadantine,1639,420161
Grimy harralander,639,456371
Grimy irit leaf,659,466133
Grimy marrentill,23,319526
Grimy ranarr weed,7415,948757
Grimy snapdragon,9449,570031
Grimy torstol,5964,460618
Grog,246,62
Ground guam,24,122
Guam potion (unf),106,399384
Guam seed,6,111922
Guardian boots,2049534,1374
Guthan's chainskirt,265916,414
Guthan's chainskirt 0,266116,40
Guthan's helm 0,314652,63
Guthan's platebody 0,301822,48
Guthan's warspear,400566,413
Guthan's warspear 0,398710,51
Guthix armour set (lg),160875,198
Guthix balance(2),425,1
Guthix balance(3),92,11
Guthix bracers,18351,335
Guthix cloak,12555,356
Guthix coif,63520,546
Guthix d'hide body,129675,900
Guthix d'hide shield,215492,67
Guthix full helm,27312,184
Guthix kiteshield,32909,121
Guthix mjolnir,1507,82
Guthix page 1,1732,403
Guthix page 2,1203,425
Guthix platebody,39347,240
Guthix platelegs,38528,157
Guthix plateskirt,38029,94
Guthix rest(3),1217,3936
Guthix rest(4),1933,56381
Guthix robe top,58436,99
Hair,246,2036
Half moon spectacles,33807,56
Halloween mask set,18289,827
Ham cloak,1947,1344
Ham gloves,1393,1241
Ham logo,2645,1267
Ham robe,611,948
Ham shirt,106,859
Hammer,61,66405
Hard leather,237,63671
Hard leather shield,116,54
Hardleather body,10,47997
Harpoon,95,2067
Harralander,663,388907
Harralander tar,4,846367
Hat eyepatch,26265,9
Heavy ballista,578726,1943
Helm of neitiznot,43798,12707
Highwayman mask,83647,28
Hill giant club,492487,443
Holy elixir,656187,97
Holy mould,5,79
Holy symbol,321,2618
Holy wraps,392311,163
Honourable blessing,5983,894
Hosidius hood,11391,43
Hosidius scarf,6915,21
Hunter potion(2),2480,36
Hunter potion(4),5789,8020
Hunters' crossbow,1482,227
Hunting mix(2),457,77
Hydra leather,4865387,994
Hydra tail,62509,224
Ice plateau teleport,1245,4250
Imp mask,11510,28
Impling jar,924,1075750
Incomplete heavy ballista,118005,0
Infinity boots,417494,6523
Infinity bottoms,3759481,210
Infinity gloves,1061494,200
Initiate cuisse,4566,701
Initiate harness m,24191,119
Initiate hauberk,5756,751
Inquisitor's armour set,200745557,349
Inquisitor's great helm,51596179,174
Inquisitor's hauberk,65848939,200
Insect repellent,93,84
Insulated boots,410,361
Irit leaf,671,300945
Irit seed,39,49554
Iron arrow,2,8774556
Iron arrow(p),46,59
Iron arrowtips,7,1019446
Iron axe,109,8141
Iron bar,199,1076833
Iron bolts (p),176,35
Iron bolts (p+),259,0
Iron bolts (p++),719,705
Iron boots,3640,540
Iron chainbody,178,5397
Iron claws,81,69
Iron dagger,88,12472
Iron dagger(p),123,2
Iron dagger(p+),1594,235
Iron dart (p),38,0
Iron dart tip,37,964658
Iron dart(p+),33,0
Iron full helm,132,6236
Iron full helm (g),190857,130
Iron full helm (t),57221,79
Iron gold-trimmed set (sk),860774,13
Iron hasta,17,16
Iron hasta(p),3055,1
Iron hasta(p++),3497,0
Iron javelin,6,2200
Iron javelin(p),27,0
Iron javelin(p++),14,0
Iron kiteshield,94,7834
Iron kiteshield (t),31714,80
Iron knife(p),212,2
Iron knife(p+),221,9
Iron knife(p++),1204,103
Iron mace,85,1284
Iron med helm,108,3164
Iron ore,138,15269043
Iron platebody,106,60898
Iron platebody (g),341119,105
Iron platebody (t),83211,87
Iron platelegs (t),26303,55
Iron plateskirt,92,1164
Iron plateskirt (g),7875,40
Iron plateskirt (t),3543,44
Iron set (sk),958,231
Iron spear,615,491
Iron spear(p),1251,0
Iron spear(p++),5886,2
Iron sq shield,100,987
Iron sword,98,5557
Iron trimmed set (sk),266914,5
Iron warhammer,83,9508
Ivory comb,435,219
Jade amulet (u),750,35628
Jade bolt tips,26,96378
Jade bracelet,651,633
Jade dragon bolts (e),1686,4058
Jade necklace,759,16350
Jangerberries,288,46905
Jar of chemicals,28472,30
Jar of darkness,9020632,7
Jar of dreams,819280,7
Jar of eyes,141433,4
Jar of miasma,28193,12
Jar of souls,50593,43
Jar of spirits,110502,29
Javelin shaft,1,1719872
Jester cape,48667,209
Jogre bones,1059,1095
Jug of wine,3,8373879
Jungle camo legs,972,10
Jungle camo top,966,31
Jungle demon mask,100677,52
Justiciar faceguard,10887560,717
Justiciar legguards,9301151,684
Jute fibre,1161,150645
Karil's armour set,2769193,339
Karil's coif,61734,1039
Karil's crossbow,101085,526
Karil's leatherskirt,432386,2303
Karil's leatherskirt 0,345969,372
Katana,85197,68
Kebab,47,179479
Kebab mix,260,0
Kebbit claws,506,213
Kebbit teeth,4123,3454
Kebbit teeth dust,4678,5823
Keg of beer,617,4427
Khazard teleport,817,6190
King worm,524,14010
Knife,46,25293
Kodai insignia,77750335,14
Kodai wand,70944082,940
Kovac's grog,62232,1074
Krandorian seed,3,322406
Kwuarm,1484,295890
Kyatt fur,1482,78
Kyatt hat,5937,35
Kyatt legs,3006,40
Lantadyme potion (unf),1470,919167
Lantadyme seed,454,21976
Lantern lens,8,1783502
Larupia hat,1522,87
Larupia legs,1029,56
Lassar teleport,1047,5060
Lava dragon bones,3435,273385
Lava dragon mask,2165260,7
Lava scale shard,135,1593783
Lava staff upgrade kit,765415,35
Leaf-bladed sword,40279,785
Lean snail,2464,41
Lean snail meat,3133,231
Leaping salmon,9,38151
Leather,278,917847
Leather body,32,50245
Leather body (g),89029,115
Leather chaps (g),16574,70
Leather cowl,14,8572
Leather vambraces,11,18385
Lemon,71,7554
Lemon chunks,111,100
Leprechaun hat,6178,52
Lesser demon mask,22844,36
Light bow tie,68540,7
Light infinity colour kit,4011,76
Light trousers,227768,10
Light tuxedo cuffs,112615,12
Lightbearer,20766374,2475
Lily of the sands,1758,155440
Lime,53,5692
Limestone,130,13532
Limestone brick,168,30602
Linen,682,194
Lizardman fang,18,2514608
Lobster,200,2309219
Lockpick,296,67350
Locust meat,29,8
Logs,76,1314855
Longbow,44,24048
Longbow (u),14,139396
Loop half of key,10570,22386
Lovakengj banner,1670,72
Lovakengj scarf,6313,30
Lumberyard teleport,4937,18807
Lunar isle teleport,3762,14842
Machete,397,428
Magic bird house,1858,44254
Magic box,644,1238
Magic comp bow,5014,448
Magic fang,3813690,565
Magic longbow,1265,5011816
Magic mix(1),473,2
Magic mix(2),411,14
Magic potion(3),57,178559
Magic potion(4),84,275719
Magic pyre logs,2944,6628
Magic roots,2964,5838
Magic shield,468,532
Magic shortbow,829,217251
Magic staff,152,2229
Magic stock,351,332
Magic stone,989415,524
Mahogany bird house,1280,12849
Mahogany plank,1903,10598719
Mahogany pyre logs,1997,235
Mahogany stock,28,1755
Malediction shard 2,522000,36
Malediction shard 3,69675,42
Malediction ward,1495058,656
Manta ray,951,2957639
Maple blackjack,1937,336
Maple blackjack(d),2253,41
Maple logs,7,20711261
Maple longbow (u),75,5221316
Maple roots,55,3157
Maple sapling,15524,36404
Maple shield,9,36517
Maple shortbow (u),69,347948
Marble block,332459,3929
Marigold seed,2,149703
Marrentill,28,338118
Marrentill potion (unf),55,26514
Marrentill tar,1,1219240
Masori armour set (f),672995636,185
Masori body (f),328181597,354
Masori chaps (f),274023708,334
Masori mask,54259598,358
Master scroll book (empty),164071,776
Master wand,3388123,1291
Mature wmb,11915,3
Meat pizza,446,5111
Menaphite purple hat,698,114
Menaphite purple kilt,1179,42
Menaphite purple top,1018,105
Menaphite red kilt,241,2
Menaphite remedy(1),2000,113
Menaphite remedy(2),4000,14
Menaphite remedy(4),6747,294937
Minced meat,267,0
Mind altar teleport,2404,14103
Mind bomb(m4),25370,1
Mind rune,3,42006035
Mind talisman,696,16623
Mining helmet,441,381
Mirror shield,3006,657
Mist battlestaff,39448,430
Mith grapple,1028,4073
Mithril arrow,3,19843844
Mithril arrow(p),116,2901
Mithril arrow(p+),192,2155
Mithril axe,98,8464
Mithril bar,603,11351985
Mithril bolts,68,1673991
Mithril bolts (p++),1006,1864
Mithril bolts (unf),74,784352
Mithril boots,772,678
Mithril chainbody,987,8563
Mithril crossbow,689,1065
Mithril crossbow (u),417,129
Mithril dagger(p+),3690,0
Mithril dagger(p++),3550,7
Mithril dart,4,22910173
Mithril dart tip,80,20051738
Mithril dart(p++),597,55
Mithril dragon mask,7265,26
Mithril full helm,705,6630
Mithril full helm (t),1618,267
Mithril gold-trimmed set (sk),30656,104
Mithril halberd,6397,6
Mithril hasta(p+),9582,0
Mithril javelin,13,17457
Mithril javelin(p+),21,0
Mithril javelin(p++),25,0
Mithril kiteshield,1034,33273
Mithril knife,133,258924
Mithril knife(p),328,81
Mithril knife(p++),1086,60
Mithril mace,165,4565
Mithril med helm,293,5792
Mithril ore,133,9975955
Mithril platebody,2772,287998
Mithril platebody (t),3733,162
Mithril platelegs,1274,22858
Mithril platelegs (t),2043,153
Mithril plateskirt,1296,7834
Mithril scimitar,419,14070
Mithril seeds,398,94543
Mithril set (lg),6861,403
Mithril spear(p),287,36
Mithril spear(p+),6092,0
Mithril spear(p++),5068,0
Mithril thrownaxe,155,23
Mithril trimmed set (sk),28106,85
Mithril warhammer,818,18841
Mole skin,6574,121728
Mole slippers,366941,331
Molten glass,102,11306194
Monk's robe (g),1685718,35
Monk's robe top,270,15719
Monk's robe top (g),4046134,45
Monkey bar,533,2358
Monkey bones,337,9519
Monkey tail,244691,203
Monocle,20604,29
Moonclan teleport,869,7249
Moonlight mead(4),77269,20
Moonlight mead(m),4535,0
Mort myre fungus,355,1312156
Mort myre stem,541,459
Mos le'harmless teleport,740,12021
Mottled eel,82,86
Mud battlestaff,28154,961
Muddy key,4004,453
Mummy's body,874347,13
Mummy's feet,292425,18
Mummy's hands,295702,9
Mushroom,92,21622
Mushroom & onion,253,7
Mushroom pie,1316,2177
Mushroom spore,68,9745
Musketeer hat,89384,83
Musketeer tabard,60108,32
Mystic air staff,25037,12303
Mystic boots,5554,6275
Mystic boots (dark),92230,316
Mystic dust staff,56961,243
Mystic fire staff,25029,5412
Mystic gloves (dark),5775,284
Mystic gloves (light),5571,190
Mystic hat,15576,1402
Mystic hat (dusk),95494,93
Mystic lava staff,26234,1556
Mystic mud staff,61759,228
Mystic robe bottom,48065,4108
Mystic robe bottom (dusk),202770,135
Mystic robe bottom (light),48062,1044
Mystic robe top (dark),72762,3270
Mystic robe top (light),71344,952
Mystic set (dusk),697917,25
Mystic set (light),164054,120
Mystic smoke staff,1286244,1045
Mystic water staff,25103,5586
Nardah teleport,11006,19816
Nasturtium seed,1,60298
Nature impling jar,5071,44980
Nature rune,165,60171769
Nature tiara,40,1940
Necklace mould,161,810
Necklace of faith,702,500
Necklace of passage(5),998,35480
Neitiznot shield,2337,608
Nihil dust,2014,76985
Nihil shard,3109,66863
Ninja impling jar,34858,15098
Numulite,24,7444777
Oak bird house,994,1982
Oak blackjack(d),462,0
Oak logs,52,7546551
Oak longbow,41,15962
Oak longbow (u),19,118611
Oak pyre logs,1169,2588
Oak roots,69,2050
Oak sapling,250,20272
Oak shortbow,41,11215
Oak shortbow (u),5,62062
Obsidian armour set,2257836,555
Obsidian cape,537503,2013
Obsidian helmet,544935,735
Obsidian platelegs,756206,1864
Occult necklace,354303,4380
Odium shard 2,810094,47
Odium ward,1995971,930
Ogre arrow,173,197571
Ogre coffin key,1831,3313
Oil lantern,437,236
Oil lantern frame,63,69
Old demon mask,18935,52
Olive oil(2),29,1
Olive oil(3),39,2
Olive oil(4),41,9257
Onion & tomato,12,1
Onion seed,1,1367939
Onyx,2162022,120
Onyx amulet (u),2044853,0
Onyx bolts,8654,506988
Onyx bolts (e),8630,982219
Onyx dragon bolts,9929,8131
Onyx necklace,1884058,1
Opal,506,181893
Opal amulet,457,38
Opal bolt tips,56,226355
Opal bolts (e),16,46532
Opal dragon bolts,2000,31750
Opal dragon bolts (e),1978,769172
Opal ring,521,29
Orange boater,2770,116
Orange cape,1142,239
Orange chunks,96,6
Orange feather,16,238639
Orange salamander,125,1807
Orange slices,120,218
Oranges(5),305,47417
Osmumten's fang,95298856,2692
Ourania teleport,614,2944
Oyster pearl,99,5566
Oyster pearls,1053,601
Paddewwa teleport,1256,1511
Palm tree seed,33944,30196
Papaya fruit,1090,622578
Papaya sapling,2810,57836
Partyhat & specs,730946,134
Partyhat set,48164,1512
Pastry dough,208,169092
Pearl bolt tips,53,60285
Pearl bolts,81,135231
Pearl dragon bolts,1999,0
Pegasian boots,30976178,2163
Penguin mask,15453,91
Pest control teleport,338,14753
Phoenix necklace,2124,123580
Phrin remains,1782,3108
Pie shell,389,211841
Pike,27,12855
Pile of salt,175,2
Pineapple pizza,710,596327
Pineapple punch,49,72
Pineapple ring,71,361142
Pink boater,985,225
Pink boots,685,182
Pink cape,2572,22
Pink elegant legs,980,35
Pink elegant skirt,3634,51
Pink hat,539,1047
Pink robe top,841,107
Pink skirt,53,3445
Pirate boots,470,1041
Piscarilius banner,3574,88
Piscarilius hood,11794,50
Piscarilius scarf,15777,22
Pith helmet,4097,105
Pitta bread,52,987
Plank,251,664142
Poison chalice,1748,61
Poison ivy seed,13,24547
Polar camo legs,7151,56
Polar camo top,6901,224
Pot,8,847210
Pot of cornflour,1176,480
Pot of cream,65,2652
Potato,58,320579
Potato cactus,163,1654289
Potato with butter,432,5862
Potato with cheese,217,252660
Potatoes(10),926,1022
Pottery scarab,92,13501
Prayer mix(2),5475,466
Prayer potion(1),2471,10204
Prayer potion(2),4935,14097
Prayer potion(4),10564,1837557
Premade c+t batta,46,1
Premade ch' crunch,50,5
Premade dr' dragon,28,49
Premade fr' blast,32,3
Premade s'y crunch,44,9647
Premade sgg,26,0
Premade t'd batta,41,0
Premade veg ball,46,1
Premade w'm batta,42,1
Premade wiz blz'd,24,0
Premade worm hole,50,2
Proboscis,174,1657
Proselyte cuisse,6964,1303
Proselyte harness m,27913,220
Proselyte sallet,4351,832
Pumpkin,9834,2002
Pure essence,1,128897378
Purple cape,937,183
Purple dye,563,1205
Purple elegant blouse,1543,87
Purple elegant shirt,2621,55
Purple firelighter,105,16534
Purple gloves,705,712
Purple hat,486,210
Purple robe bottoms,677,6
Purple sweets,5728,487427
Pyre logs,1328,2268
Pyrophosphite,44,21885
Rain bow,141680,45
Rainbow fish,101,8799
Rake,155,5655
Ranarr potion (unf),7642,1510825
Ranarr weed,7394,625819
Ranger gloves,460142,247
Rangers' tights,176095,174
Ranging mix(1),472,242
Ranging mix(2),222,1217
Ranging potion(2),383,12077
Ranging potion(4),647,901841
Raurg bones,6746,100
Raw anchovies,49,107300
Raw bass,23,2166895
Raw bear meat,264,40969
Raw bird meat,21,13279
Raw boar meat,515,1436
Raw cave eel,191,2509
Raw cod,34,8151
Raw dark crab,1021,74995
Raw herring,130,37669
Raw jubbly,458,1847
Raw karambwan,303,2966704
Raw manta ray,777,725868
Raw monkfish,194,2259903
Raw oomlie,2149,60
Raw pike,132,38778
Raw rabbit,181,2376
Raw salmon,54,358216
Raw sardine,57,107112
Raw sea turtle,644,182720
Raw shark,601,7967594
Raw summer pie,1177,182294
Raw swordfish,231,1462632
Raw ugthanki meat,1826,79
Raw wild pie,3384,559
Raw yak meat,66,69
Red beret,10895,34
Red boots,1199,677
Red cape,97,5373
Red chinchompa,987,7116851
Red d'hide body (g),6096,115
Red d'hide body (t),6189,49
Red d'hide chaps (g),5746,353
Red d'hide shield,6876,1079
Red d'hide vambraces,1787,5217
Red dragonhide,2316,1353826
Red dragonhide set,12028,298
Red elegant legs,10562,22
Red elegant shirt,16129,18
Red elegant skirt,1144,14
Red flowers,88,512
Red gloves,800,730
Red halloween mask,5875,1469
Red hat,1578,448
Red partyhat,4222,1890
Red robe bottoms,852,30
Red salamander,89,2337
Red spiky vambraces,1727,3402
Red topaz machete,19467,313
Redberries,35,49121
Redberry seed,2,302599
Redwood logs,314,1953304
Redwood pyre logs,2398,71232
Redwood tree seed,28072,2560
Regen bracelet,2166949,1502
Relicym's balm(2),368,122
Relicym's balm(3),571,87
Relicym's mix(1),270,30
Restore mix(1),242,3
Restore potion(1),29,145
Restore potion(2),59,60
Revenant cave teleport,684,322643
Revenant ether,173,41662624
Ring mould,128,1286
Ring of 3rd age,1501731,164
Ring of dueling(8),646,452825
Ring of forging,1008,26133
Ring of nature,10602674,28
Ring of returning(5),824,528
Ring of stone,1335612,35
Ring of the elements,713714,230
Ring of wealth,12070,141972
Ring of wealth (5),14763,164882
Riyl remains,2050,1650
Roast rabbit,125,0
Robe bottom of darkness,50369,142
Rock hammer,549,181
Rock thrownhammer,221,60219
Rock-shell chunk,12242,52
Rock-shell helm,23515,23
Rock-shell legs,38415,437
Rock-shell splinter,22433,48
Roe,67,1669
Rolling pin,18331,143
Rosemary seed,2,46353
Royal crown,144962,56
Royal gown top,77955,49
Ruby,798,2301700
Ruby amulet,1127,144532
Ruby bolt tips,85,2942847
Ruby bolts (e),210,2737712
Ruby bracelet,1188,281279
Ruby dragon bolts,1771,1192642
Ruby necklace,1064,953459
Ruby ring,1040,95318
Rune armour set (lg),130481,1325
Rune arrow,119,22480735
Rune arrow(p),161,37384
Rune arrow(p++),695,3427
Rune axe,7222,25014
Rune battleaxe,24519,16776
Rune boots,7293,11105
Rune chainbody,29474,43391
Rune claws,9596,590
Rune dagger(p),5649,3
Rune dagger(p+),4329,765
Rune dagger(p++),8501,25
Rune dart,387,4907128
Rune dart(p+),939,3261
Rune dart(p++),1004,7758
Rune essence,11,1650253
Rune full helm,20508,134163
Rune full helm (g),87356,309
Rune gold-trimmed set (lg),344434,234
Rune halberd,37551,16688
Rune hasta(p),20240,1
Rune hasta(p++),18609,7
Rune helm (h2),21927,213
Rune helm (h3),22099,156
Rune javelin,144,1274290
Rune javelin heads,639,1389403
Rune javelin(p+),620,0
Rune kiteshield,31805,141883
Rune kiteshield (g),107872,267
Rune kiteshield (t),37146,257
Rune knife(p),541,242
Rune longsword,18642,88164
Rune mace,8234,7392
Rune pickaxe,18657,30923
Rune platebody,38413,99169
Rune platebody (g),63881,310
Rune platebody (h3),39936,13
Rune platebody (h4),40701,15
Rune platebody (t),42858,153
Rune platelegs (t),43289,160
Rune plateskirt,37911,34802
Rune plateskirt (g),38669,132
Rune scimitar,15065,24074
Rune scimitar ornament kit (guthix),13006,169
Rune scimitar ornament kit (zamorak),38913,217
Rune shield (h2),36462,65
Rune shield (h4),35251,65
Rune shield (h5),34784,144
Rune spear,11991,7047
Rune spear(p++),19547,7
Rune sq shield,22551,21516
Rune trimmed set (lg),170922,145
Rune warhammer,24485,75070
Runescroll of swampbark,2126,157
Runite bar,12442,1522475
Runite bolts,257,5622836
Runite bolts (p+),628,346
Runite bolts (unf),306,623968
Runite limbs,9270,5234
Sacred oil(2),1049,53
Sacred oil(3),1925,0
Salmon,64,363125
Saltpetre,6,2458011
Salve graveyard teleport,2129,80556
Samurai boots,34621,68
Samurai kasa,31914,65
Sandstone (1kg),2,30
Sandstone (5kg),23,171
Sandstone (10kg),1986,316
Sandwich lady hat,4317,74
Sandworms,99,1326151
Sanfew serum(1),9873,220
Sanfew serum(3),30519,1031
Sanguinesti staff (uncharged),89459374,1188
Santa hat,10535,3290
Sapphire,203,2286853
Sapphire amulet,458,38676
Sapphire bolts,105,211963
Sapphire bolts (e),14,189828
Sapphire dragon bolts (e),1657,10354
Sapphire necklace,414,885410
Saradomin armour set (lg),276672,287
Saradomin armour set (sk),344103,32
Saradomin brew(2),5144,5883
Saradomin brew(3),8052,417084
Saradomin brew(4),11486,1723000
Saradomin coif,50477,493
Saradomin crozier,7346,70
Saradomin d'hide body,236964,820
Saradomin dragonhide set,786772,116
Saradomin full helm,72884,227
Saradomin godsword ornament kit,925843,122
Saradomin kiteshield,55089,176
Saradomin mitre,27693,297
Saradomin page 1,1705,433
Saradomin page 3,1268,376
Saradomin page 4,1413,401
Saradomin plateskirt,38335,80
Saradomin robe top,190480,146
Saradomin stole,5667,162
Saradomin's light,101602,118
Saradomin's tear,5672360,117
Sardine,12,41138
Scythe of vitur (uncharged),376143237,638
Sea turtle,809,142036
Seasoned sardine,554,455
Secateurs,48,1991
Security book,61,17376
Seercull,17123,516
Senntisten teleport,1709,2602
Serpentine helm (uncharged),3823625,2738
Serpentine visage,3777088,393
Serum 207 (3),10,67094
Serum 207 (4),18,24500
Shade robe top,604,284
Shaman mask,6855,538
Shattered banner,24292,11
Shattered boots (t2),193641,4
Shattered boots (t3),260679,10
Shattered cane,217327,13
Shattered hood (t2),219903,4
Shattered hood (t3),353112,7
Shattered relic hunter (t1) armour set,444176,8
Shattered relics mystic ornament kit,34149,135
Shattered relics variety ornament kit,695550,526
Shattered relics void ornament kit,618835,1151
Shattered top (t2),195970,2
Shattered top (t3),294180,12
Shattered trousers (t1),160843,12
Shayzien banner,856,79
Shears,30,9964
Shield left half,65815,1013
Shield right half,772951,159
Shortbow,53,3276
Shortbow (u),6,11846
Shoulder parrot,161168,211
Shrunk ogleroot,257,240
Sickle mould,16,40
Silk,31,63469
Silver bolts,6,106099
Silver bolts (p),42,10
Silver bolts (unf),8,691
Silver dust,216,133
Silver locks,10681,19
Silver ore,54,5762193
Sinister key,31722,1946
Skeletal boots,42911,14
Skeletal helm,93244,17
Skeletal top,26285,167
Skewer stick,15,2637
Skills necklace,12109,23991
Skills necklace(6),12955,26375
Skull piece,74034,6
Slayer bell,131,16
Slayer's respite,32,7697
Slayer's respite(m4),222576,3
Slayer's respite(m),50981,5
Sliced banana,57,203
Sliced mushrooms,97,1117
Smoke rune,90,3781647
Smouldering stone,5763315,403
Snakeskin,15,1064260
Snakeskin bandana,203,19328
Snakeskin body,578,3057
Snakeskin boots,284,30730
Snakeskin vambraces,189,408
Snapdragon,9492,538388
Snape grass,252,2471883
Snape grass seed,2081,233347
Soda ash,48,29068
Soft clay,149,4593569
Spade,109,61749
Spectral sigil,72753710,9
Spectral spirit shield,54711988,769
Spice,36,11639
Spicy sauce,463,89
Spicy tomato,341,181
Spider carcass,113,4880
Spiked boots,3443,307
Spiked manacles,473431,1922
Spiky vambraces,12,15
Spined body,4228,49
Spined boots,7149,27
Spined gloves,2871,13
Spiny helmet,939,338
Split log,960,3420
Splitbark boots,7359,126
Splitbark gauntlets,2496,1248
Splitbark legs,23686,1037
Spork,292,2
Spottier cape,1262,332
Staff of air,1664,8384
Staff of earth,797,6436
Staff of fire,1548,6492
Staff of the dead,3825640,369
Stale baguette,1805849,58
Stamina mix(2),2802,382
Stamina potion(1),1368,101220
Stamina potion(3),3790,37277
Steam battlestaff,38476,308
Steam rune,81,1516564
Steam staff upgrade kit,800016,39
Steel arrow,7,7063509
Steel arrow(p++),1029,5002
Steel arrowtips,38,3705230
Steel bar,380,21499725
Steel battleaxe,198,8502
Steel bolts (p),140,0
Steel bolts (p++),774,962
Steel boots,98,79
Steel brutal,114,16097
Steel crossbow,86,73
Steel crossbow (u),103,1148
Steel dagger(p),394,0
Steel dagger(p++),4639,1
Steel dart,2,4136927
Steel dart(p+),70,0
Steel dart(p++),81,0
Steel full helm (g),24015,46
Steel gold-trimmed set (lg),84503,20
Steel gold-trimmed set (sk),119759,1
Steel hasta(p),8214,0
Steel hasta(p+),9664,0
Steel hasta(p++),7910,1
Steel javelin heads,56,3429
Steel javelin(p+),13,0
Steel javelin(p++),31,0
Steel kiteshield (g),14083,43
Steel kiteshield (t),6604,41
Steel knife,57,94308
Steel knife(p++),392,3224
Steel limbs,96,1607
Steel mace,54,3828
Steel nails,17,2207258
Steel pickaxe,841,2776
Steel platebody (g),24265,51
Steel platebody (t),6267,22
Steel platelegs (g),6010,41
Steel plateskirt,362,3702
Steel plateskirt (g),6832,62
Steel scimitar,200,12521
Steel set (sk),2258,6
Steel spear,25,127
Steel spear(p),162,10
Steel sq shield,165,1748
Steel studs,313,225
Steel sword,106,2262
Steel thrownaxe,51,10
Steel warhammer,153,11680
Stew,75,107077
Stone statuette,200,72006
Stony basalt,824,44627
Strange fruit,385,12341
Strawberries(5),727,19322
Strawberry seed,3,141449
Strength amulet (t),15243,1356
Strength mix(1),331,0
Strength potion(2),162,3731
Strength potion(3),241,38069
Stretched hide,2921,8
Stronghold notes,168,226
Studded body,364,4010
Studded body (g),28769,107
Studded chaps,282,5809
Studded chaps (g),20014,56
Studded chaps (t),6927,45
Super antifire mix(1),402,0
Super antifire mix(2),1400,0
Super antifire potion(1),2562,111
Super antifire potion(3),8750,160
Super attack(1),42,5136
Super attack(2),86,674
Super attack(4),203,598030
Super combat potion(2),5382,17048
Super combat potion(4),10087,757490
Super def. mix(1),270,5
Super defence(2),554,437
Super defence(3),966,249189
Super energy mix(2),1023,27
Super energy(1),497,1307
Super energy(2),1074,3916
Super energy(3),1435,341768
Super potion set,4147,14490
Super restore mix(1),4107,0
Super restore(1),3246,7329
Super restore(3),9194,333393
Super str. mix(2),497,25
Super strength(1),458,1107
Super strength(3),1487,276982
Superantipoison(2),136,306
Superantipoison(3),210,14665
Superantipoison(4),250,48919
Superattack mix(2),128,1429
Supercompost,377,250755
Swamp paste,6,2482513
Swamp tar,7,13716709
Swamp weed,273,111
Swampbark gauntlets,26093,64
Swampbark helm,63925,76
Swampbark legs,119558,154
Swift blade,9503071,104
Swordfish,292,1786702
Tanzanite fang,3916701,389
Target teleport,3138,1456
Target teleport scroll,7619766,0
Tarromin,110,515863
Tarromin tar,1,6694993
Tatty graahk fur,195,17
Te salt,61,379309
Teak bird house,1144,6718
Teak logs,142,2086522
Teak plank,751,3564946
Teak seed,60,10836
Teak stock,32,2844
Teal boots,703,65
Teal robe bottoms,419,7
Teal robe top,591,7
Team cape x,1710601,110
Team-1 cape,672,387
Team-2 cape,397,84
Team-3 cape,200,915
Team-4 cape,440,34
Team-7 cape,148,27
Team-8 cape,258,10
Team-9 cape,137,2084
Team-11 cape,585,52
Team-13 cape,290,106
Team-15 cape,934,260
Team-16 cape,70,741
Team-17 cape,220,570
Team-20 cape,201,176
Team-21 cape,519,24
Team-22 cape,426,42
Team-23 cape,222,142
Team-26 cape,58,419
Team-27 cape,157,788
Team-29 cape,223,577
Team-30 cape,219,639
Team-32 cape,224,204
Team-33 cape,227,51
Team-36 cape,30,134
Team-37 cape,142,211
Team-40 cape,104,194
Team-42 cape,358,97
Team-44 cape,451,5
Team-46 cape,53,339
Team-47 cape,262,175
Team-50 cape,131,412
Teasing stick,1,6857
Teleport card,177,1663
Thatch spar dense,83,140
Thatch spar med,9,104
Thin snail,590,3976
Thread,6,4117027
Tiara mould,145,306
Tin ore,66,183470
Tinderbox,49,38770
Toad's legs,595,60705
Toadflax,3762,770463
Toktz-ket-xil,306843,1266
Toktz-xil-ak,389664,775
Toktz-xil-ul,1467,7164
Tomato seed,1,542249
Tomatoes(5),227,21212
Tome of fire (empty),641076,3183
Tooth half of key,11231,26452
Top hat & monocle,125194,31
Topaz amulet (u),2717,15916
Topaz bolts,291,181624
Topaz bolts (e),10,61467
Topaz dragon bolts,1787,11
Topaz dragon bolts (e),1828,3484
Topaz ring,1819,24
Torag's armour set,618264,172
Torag's hammers,96672,301
Torag's hammers 0,95733,10
Torag's platebody,192727,764
Torag's platebody 0,166557,110
Torag's platelegs 0,163716,421
Tormented ornament kit,2199107,391
Torstol,6170,784484
Torstol potion (unf),6862,33586
Tortoise shell,4344,27
Torture ornament kit,3069412,538
Torva full helm (damaged),174584245,30
Torva platebody (damaged),445180264,18
Torva platelegs (damaged),389888310,11
Toxic staff (uncharged),7864964,1174
Toy cat,3155,433
Toy doll,2040,46
Toy mouse (wound),2646,42
Toy soldier,1812,1
Trailblazer banner,66086,2
Trailblazer boots (t1),16163,2
Trailblazer boots (t3),579022,5
Trailblazer globe,902401,5
Trailblazer graceful ornament kit,148070,316
Trailblazer hood (t1),18009,3
Trailblazer relic hunter (t1) armour set,410835,2
Trailblazer relic hunter (t2) armour set,991749,1
Trailblazer relic hunter (t3) armour set,2504774,13
Trailblazer rug,1836695,4
Trailblazer tool ornament kit,361924,145
Trailblazer top (t2),143107,1
Trailblazer top (t3),1116689,2
Trailblazer trousers (t2),120636,0
Treasonous ring,273185,283
Triangle sandwich,536,1553
Trout,32,510900
Trouver parchment,876089,3261
Tuna and corn,804,2353
Tuna potato,1037,127938
Turquoise hat,332,236
Turquoise robe top,104,19
Twisted banner,178114,5
Twisted blueprints,1812524,39
Twisted boots (t3),340526,12
Twisted bow,1213659332,638
Twisted cane,487796,18
Twisted coat (t2),240505,12
Twisted coat (t3),1354047,27
Twisted hat (t2),138065,10
Twisted relic hunter (t1) armour set,600184,21
Twisted relic hunter (t2) armour set,636210,0
Twisted trousers (t1),39589,10
Twisted trousers (t2),117025,5
Tyrannical ring,895746,193
Tzhaar-ket-em,95876,38
Tzhaar-ket-om,184271,1265
Ugthanki & onion,8,0
Ugthanki kebab,749,5259
Ugthanki meat,362,0
Unblessed symbol,79,13441
Uncharged toxic trident (e),8397667,535
Uncharged trident (e),4664861,30
Uncooked apple pie,488,47127
Uncooked botanical pie,2029,2290
Uncooked dragonfruit pie,1620,38994
Uncooked egg,14,21
Uncut diamond,2878,930779
Uncut emerald,502,1129596
Uncut jade,129,127061
Uncut opal,322,300302
Uncut ruby,1088,1611869
Uncut zenyte,12511966,5
Unfinished broad bolts,58,951397
Unfired bowl,120,1882
Unfired pot,89,338
Unfired pot lid,189,0
Unholy symbol,267,1435
Unicorn horn,221,99086
Unicorn horn dust,255,93876
Unpowered orb,112,10854383
Unpowered symbol,161,1
Unstrung comp bow,1019,2
Unstrung emblem,160,7
Unstrung symbol,90,97538
Uri's hat,10661,27
Urt salt,57,372519
Varrock teleport,430,826367
Veg ball,1486,137
Verac's brassard,220706,519
Verac's brassard 0,166118,352
Verac's flail,167824,491
Verac's helm 0,68922,486
Verac's plateskirt,263753,1592
Vial of blood,7472,220289
Vial of water,4,16224459
Viggora's chainmace (u),11878581,1617
Vodka,315,7938
Volcanic ash,79,2979345
Volcanic whip mix,1338241,91
Vyrewatch shoes,2428,120
War blessing,10554,959
Warrior helm,38779,280
Warrior ring,36829,2540
Water battlestaff,8955,22558
Water rune,5,89766239
Water talisman,281,34957
Waterbirth teleport,874,5350
Watering can,202,7634
Watermelon seed,16,219728
Waterskin(0),42,4736
Waterskin(4),133,42878
Weapon poison,256,13109
Weapon poison(++),3462,14665
Weeds,159,58041
West ardougne teleport,2456,15412
White apron,36,4049
White battleaxe,3891,1
White bead,3535,9456
White boater,3526,107
White boots,2206,512
White cavalier,7185,137
White dagger,202,3
White dagger(p),147,0
White dark bow paint,1512162,16
White elegant blouse,4337,67
White firelighter,109,18064
White full helm,1796,43
White gloves,744,189
White headband,765,102
White lily seed,3079,9950
White longsword,1669,12
White mace,646,0
White med helm,1912,7
White platebody,5137,335
White plateskirt,2954,6
White scimitar,1227,11
White sword,2406,5
White unicorn mask,15074,80
White warhammer,1800,63
Whiteberry seed,7,27037
Wildblood seed,36,265414
Wilderness crabs teleport,30991,6917
Willow bird house,896,3670
Willow blackjack(o),1867,13
Willow branch,1155,7669
Willow comp bow,4062,133
Willow logs,26,2296176
Willow pyre logs,2198,926
Willow roots,48,6031
Willow sapling,592,36984
Willow shortbow,83,15086
Willow stock,3,11
Wizard blizzard,50,51
Wizard boots,177519,986
Wizard hat,179,3925
Woad seed,1,53042
Wolf mask,5098,149
Wolfbone arrowtips,73,5759
Wood camo top,4714,16
Wooden cat,3919,1853
Wooden shield (g),53429,163
Wooden spoon,84,150
Wool,36,34395
Worm crunchies,2682,221
Worm hole,3846,85
Wrath rune,258,8096868
Wrath talisman,350,2548
Wrath tiara,53,500
Wyvern visage,24609715,5
Xerician fabric,723,6381
Xerician top,1267,3459
Yak-hide,149,496
Yanillian seed,2,951157
Yellow bead,1070,3497
Yellow boots,1112,284
Yellow dye,323,5172
Yellow feather,252,26628
Yellow flowers,48,591
Yellow partyhat,4486,1836
Yellow robe bottoms,862,16
Yellow robe top,808,26
Yew logs,206,13338328
Yew longbow,462,11929887
Yew roots,126,5154
Yew sapling,49480,32143
Yew seed,47096,29151
Yew shortbow (u),196,242384
Yew stock,85,176
Zamorak armour set (lg),582079,266
Zamorak armour set (sk),670060,35
Zamorak brew(2),1251,74
Zamorak brew(3),2697,2159
Zamorak chaps,419520,929
Zamorak coif,50289,493
Zamorak crozier,6632,154
Zamorak d'hide boots,413399,804
Zamorak full helm,426574,313
Zamorak godsword,4016670,810
Zamorak godsword ornament kit,91016,61
Zamorak mitre,29487,422
Zamorak mix(2),582,0
Zamorak monk bottom,2838,3984
Zamorak page 1,22958,438
Zamorak page 2,36224,488
Zamorak page 4,23726,514
Zamorak platelegs,55814,201
Zamorak plateskirt,38371,102
Zamorak robe top,170832,245
Zamorak stole,4335,116
Zamorakian spear,9552546,921
Zaryte crossbow,271794465,820
Zenyte,13820312,7
Zenyte amulet (u),14119222,1
Zenyte necklace,16411203,10
Zogre bones,621,1204
Zul-andra teleport,17667,110539
Zulrah's scales,192,115878944
3rd age axe,383656490,5
3rd age bow,792737643,13
3rd age druidic cloak,827673687,5
3rd age druidic robe top,1479525298,1
3rd age full helmet,17549532,24
3rd age kiteshield,29982041,45
3rd age mage hat,10127563,51
3rd age platebody,76501255,48
3rd age plateskirt,65207448,7
3rd age range coif,6610139,56
3rd age range legs,14327569,66
3rd age robe top,56602527,67
3rd age vambraces,5467721,29
